931c4c24-526e-11ec-9311-24d0dfb49763.jpg,['Skip Gas]']
52869f59-5298-11ec-ba1d-24d0dfb49763.jpg,['MH1ZNE B922']
ee96d57f-54cd-11ec-b3f1-24d0dfb49763.jpg,"[""'HR26d0555]""]"
44714fde-55d3-11ec-9888-24d0dfb49763.jpg,['MH1ZNE B922']
87c09357-55d5-11ec-9b0e-24d0dfb49763.jpg,['MH1ZNE B922']
59af7e90-55da-11ec-876c-24d0dfb49763.jpg,['MH1ZNE B922']
2f59e740-5693-11ec-add6-24d0dfb49763.jpg,['MH1ZNE B922']
c99cae22-5694-11ec-9291-24d0dfb49763.jpg,['MH1ZNE B922']
dac13b2a-5729-11ec-a41c-24d0dfb49763.jpg,['MP 04 cc 2g88']
3b6e0b79-57cc-11ec-9830-24d0dfb49763.jpg,['MP 04 cc 2g88']
a64b2233-5988-11ec-8156-24d0dfb49763.jpg,['ONE WAY']
f2284fbb-598a-11ec-a0cf-24d0dfb49763.jpg,['ONE WAY']
